<?xml version="1.0" encoding="UTF-8"?>
<!DOCTYPE bookstore SYSTEM "bookstore.dtd">
<bookstore>
   <book id="A1">
      <title>God of Small Things</title>
      <author>Arundathi Roy</author>
      <price>18.99</price>
   </book>
   <book id="A2">
      <title>1984</title>
      <author>George Orwell</author>
      <price>14.99</price>
   </book>
    <book id="A3">
      <title>Life is what you make it</title>
      <author>Preeti Shenoy</author>
      <price>14.99</price>
   </book>
</bookstore>